{
    "os": "Linux-5.4.0-174-generic-x86_64-with-glibc2.35",
    "python": "3.10.13",
    "heartbeatAt": "2024-05-22T15:09:10.023367",
    "startedAt": "2024-05-22T15:09:07.366804",
    "docker": null,
    "cuda": null,
    "args": [
        "--model=bert_cnn",
        "--pretrained_model",
        "google-bert/bert-base-multilingual-uncased",
        "--no-save-model",
        "--no-report"
    ],
    "state": "running",
    "program": "/workspace/src/main.py",
    "codePathLocal": "main.py",
    "codePath": "main.py",
    "host": "f94abed08ef4",
    "username": "root",
    "executable": "/opt/conda/bin/python",
    "cpu_count": 24,
    "cpu_count_logical": 48,
    "cpu_freq": {
        "current": 1.6963750000000004,
        "min": 1500.0,
        "max": 2800.0
    },
    "cpu_freq_per_core": [
        {
            "current": 1.413,
            "min": 1500.0,
            "max": 2800.0
        },
        {
            "current": 1.781,
            "min": 1500.0,
            "max": 2800.0
        },
        {
            "current": 1.422,
            "min": 1500.0,
            "max": 2800.0
        },
        {
            "current": 1.485,
            "min": 1500.0,
            "max": 2800.0
        },
        {
            "current": 1.486,
            "min": 1500.0,
            "max": 2800.0
        },
        {
            "current": 3.359,
            "min": 1500.0,
            "max": 2800.0
        },
        {
            "current": 1.497,
            "min": 1500.0,
            "max": 2800.0
        },
        {
            "current": 1.498,
            "min": 1500.0,
            "max": 2800.0
        },
        {
            "current": 1.5,
            "min": 1500.0,
            "max": 2800.0
        },
        {
            "current": 3.298,
            "min": 1500.0,
            "max": 2800.0
        },
        {
            "current": 1.486,
            "min": 1500.0,
            "max": 2800.0
        },
        {
            "current": 1.485,
            "min": 1500.0,
            "max": 2800.0
        },
        {
            "current": 1.371,
            "min": 1500.0,
            "max": 2800.0
        },
        {
            "current": 2.059,
            "min": 1500.0,
            "max": 2800.0
        },
        {
            "current": 2.057,
            "min": 1500.0,
            "max": 2800.0
        },
        {
            "current": 1.498,
            "min": 1500.0,
            "max": 2800.0
        },
        {
            "current": 1.496,
            "min": 1500.0,
            "max": 2800.0
        },
        {
            "current": 1.499,
            "min": 1500.0,
            "max": 2800.0
        },
        {
            "current": 1.498,
            "min": 1500.0,
            "max": 2800.0
        },
        {
            "current": 1.498,
            "min": 1500.0,
            "max": 2800.0
        },
        {
            "current": 1.499,
            "min": 1500.0,
            "max": 2800.0
        },
        {
            "current": 1.499,
            "min": 1500.0,
            "max": 2800.0
        },
        {
            "current": 1.498,
            "min": 1500.0,
            "max": 2800.0
        },
        {
            "current": 1.497,
            "min": 1500.0,
            "max": 2800.0
        },
        {
            "current": 1.425,
            "min": 1500.0,
            "max": 2800.0
        },
        {
            "current": 1.823,
            "min": 1500.0,
            "max": 2800.0
        },
        {
            "current": 1.421,
            "min": 1500.0,
            "max": 2800.0
        },
        {
            "current": 1.487,
            "min": 1500.0,
            "max": 2800.0
        },
        {
            "current": 1.487,
            "min": 1500.0,
            "max": 2800.0
        },
        {
            "current": 3.347,
            "min": 1500.0,
            "max": 2800.0
        },
        {
            "current": 1.499,
            "min": 1500.0,
            "max": 2800.0
        },
        {
            "current": 1.498,
            "min": 1500.0,
            "max": 2800.0
        },
        {
            "current": 1.499,
            "min": 1500.0,
            "max": 2800.0
        },
        {
            "current": 3.342,
            "min": 1500.0,
            "max": 2800.0
        },
        {
            "current": 1.485,
            "min": 1500.0,
            "max": 2800.0
        },
        {
            "current": 1.486,
            "min": 1500.0,
            "max": 2800.0
        },
        {
            "current": 1.368,
            "min": 1500.0,
            "max": 2800.0
        },
        {
            "current": 2.38,
            "min": 1500.0,
            "max": 2800.0
        },
        {
            "current": 1.667,
            "min": 1500.0,
            "max": 2800.0
        },
        {
            "current": 1.498,
            "min": 1500.0,
            "max": 2800.0
        },
        {
            "current": 1.499,
            "min": 1500.0,
            "max": 2800.0
        },
        {
            "current": 1.494,
            "min": 1500.0,
            "max": 2800.0
        },
        {
            "current": 1.498,
            "min": 1500.0,
            "max": 2800.0
        },
        {
            "current": 1.498,
            "min": 1500.0,
            "max": 2800.0
        },
        {
            "current": 1.499,
            "min": 1500.0,
            "max": 2800.0
        },
        {
            "current": 1.497,
            "min": 1500.0,
            "max": 2800.0
        },
        {
            "current": 1.498,
            "min": 1500.0,
            "max": 2800.0
        },
        {
            "current": 1.499,
            "min": 1500.0,
            "max": 2800.0
        }
    ],
    "disk": {
        "/": {
            "total": 32.0,
            "used": 1.327667236328125
        }
    },
    "gpu": "NVIDIA GeForce RTX 4090",
    "gpu_count": 1,
    "gpu_devices": [
        {
            "name": "NVIDIA GeForce RTX 4090",
            "memory_total": 25757220864
        }
    ],
    "memory": {
        "total": 503.56106185913086
    }
}
