{
    "os": "Linux-5.4.0-174-generic-x86_64-with-glibc2.35",
    "python": "3.10.13",
    "heartbeatAt": "2024-05-22T14:51:20.963372",
    "startedAt": "2024-05-22T14:51:18.488409",
    "docker": null,
    "cuda": null,
    "args": [
        "--model=bert_cnn",
        "--pretrained_model",
        "google-bert/bert-base-multilingual-uncased",
        "--no-save-model",
        "--no-report"
    ],
    "state": "running",
    "program": "/workspace/src/main.py",
    "codePathLocal": "main.py",
    "codePath": "main.py",
    "host": "f94abed08ef4",
    "username": "root",
    "executable": "/opt/conda/bin/python",
    "cpu_count": 24,
    "cpu_count_logical": 48,
    "cpu_freq": {
        "current": 1.72225,
        "min": 1500.0,
        "max": 2800.0
    },
    "cpu_freq_per_core": [
        {
            "current": 1.475,
            "min": 1500.0,
            "max": 2800.0
        },
        {
            "current": 1.767,
            "min": 1500.0,
            "max": 2800.0
        },
        {
            "current": 1.451,
            "min": 1500.0,
            "max": 2800.0
        },
        {
            "current": 1.5,
            "min": 1500.0,
            "max": 2800.0
        },
        {
            "current": 1.496,
            "min": 1500.0,
            "max": 2800.0
        },
        {
            "current": 1.492,
            "min": 1500.0,
            "max": 2800.0
        },
        {
            "current": 1.498,
            "min": 1500.0,
            "max": 2800.0
        },
        {
            "current": 1.498,
            "min": 1500.0,
            "max": 2800.0
        },
        {
            "current": 1.798,
            "min": 1500.0,
            "max": 2800.0
        },
        {
            "current": 1.498,
            "min": 1500.0,
            "max": 2800.0
        },
        {
            "current": 1.499,
            "min": 1500.0,
            "max": 2800.0
        },
        {
            "current": 1.497,
            "min": 1500.0,
            "max": 2800.0
        },
        {
            "current": 3.349,
            "min": 1500.0,
            "max": 2800.0
        },
        {
            "current": 1.683,
            "min": 1500.0,
            "max": 2800.0
        },
        {
            "current": 1.488,
            "min": 1500.0,
            "max": 2800.0
        },
        {
            "current": 1.432,
            "min": 1500.0,
            "max": 2800.0
        },
        {
            "current": 3.165,
            "min": 1500.0,
            "max": 2800.0
        },
        {
            "current": 1.487,
            "min": 1500.0,
            "max": 2800.0
        },
        {
            "current": 2.405,
            "min": 1500.0,
            "max": 2800.0
        },
        {
            "current": 1.745,
            "min": 1500.0,
            "max": 2800.0
        },
        {
            "current": 1.37,
            "min": 1500.0,
            "max": 2800.0
        },
        {
            "current": 1.497,
            "min": 1500.0,
            "max": 2800.0
        },
        {
            "current": 1.575,
            "min": 1500.0,
            "max": 2800.0
        },
        {
            "current": 1.499,
            "min": 1500.0,
            "max": 2800.0
        },
        {
            "current": 1.425,
            "min": 1500.0,
            "max": 2800.0
        },
        {
            "current": 2.267,
            "min": 1500.0,
            "max": 2800.0
        },
        {
            "current": 1.447,
            "min": 1500.0,
            "max": 2800.0
        },
        {
            "current": 1.497,
            "min": 1500.0,
            "max": 2800.0
        },
        {
            "current": 1.497,
            "min": 1500.0,
            "max": 2800.0
        },
        {
            "current": 1.49,
            "min": 1500.0,
            "max": 2800.0
        },
        {
            "current": 1.499,
            "min": 1500.0,
            "max": 2800.0
        },
        {
            "current": 1.498,
            "min": 1500.0,
            "max": 2800.0
        },
        {
            "current": 1.798,
            "min": 1500.0,
            "max": 2800.0
        },
        {
            "current": 1.497,
            "min": 1500.0,
            "max": 2800.0
        },
        {
            "current": 1.493,
            "min": 1500.0,
            "max": 2800.0
        },
        {
            "current": 1.498,
            "min": 1500.0,
            "max": 2800.0
        },
        {
            "current": 3.359,
            "min": 1500.0,
            "max": 2800.0
        },
        {
            "current": 1.836,
            "min": 1500.0,
            "max": 2800.0
        },
        {
            "current": 1.488,
            "min": 1500.0,
            "max": 2800.0
        },
        {
            "current": 1.43,
            "min": 1500.0,
            "max": 2800.0
        },
        {
            "current": 3.015,
            "min": 1500.0,
            "max": 2800.0
        },
        {
            "current": 1.332,
            "min": 1500.0,
            "max": 2800.0
        },
        {
            "current": 2.126,
            "min": 1500.0,
            "max": 2800.0
        },
        {
            "current": 2.131,
            "min": 1500.0,
            "max": 2800.0
        },
        {
            "current": 1.371,
            "min": 1500.0,
            "max": 2800.0
        },
        {
            "current": 1.391,
            "min": 1500.0,
            "max": 2800.0
        },
        {
            "current": 1.494,
            "min": 1500.0,
            "max": 2800.0
        },
        {
            "current": 1.498,
            "min": 1500.0,
            "max": 2800.0
        }
    ],
    "disk": {
        "/": {
            "total": 32.0,
            "used": 1.3265228271484375
        }
    },
    "gpu": "NVIDIA GeForce RTX 4090",
    "gpu_count": 1,
    "gpu_devices": [
        {
            "name": "NVIDIA GeForce RTX 4090",
            "memory_total": 25757220864
        }
    ],
    "memory": {
        "total": 503.56106185913086
    }
}
