{
    "os": "Linux-5.4.0-174-generic-x86_64-with-glibc2.35",
    "python": "3.10.13",
    "heartbeatAt": "2024-05-22T16:01:27.708493",
    "startedAt": "2024-05-22T16:01:25.881762",
    "docker": null,
    "cuda": null,
    "args": [
        "--model=bert",
        "--pretrained_model",
        "google-bert/bert-base-multilingual-uncased",
        "--no-report"
    ],
    "state": "running",
    "program": "/workspace/src/main.py",
    "codePathLocal": "main.py",
    "codePath": "main.py",
    "host": "f94abed08ef4",
    "username": "root",
    "executable": "/opt/conda/bin/python",
    "cpu_count": 24,
    "cpu_count_logical": 48,
    "cpu_freq": {
        "current": 1.630979166666666,
        "min": 1500.0,
        "max": 2800.0
    },
    "cpu_freq_per_core": [
        {
            "current": 1.592,
            "min": 1500.0,
            "max": 2800.0
        },
        {
            "current": 1.454,
            "min": 1500.0,
            "max": 2800.0
        },
        {
            "current": 1.446,
            "min": 1500.0,
            "max": 2800.0
        },
        {
            "current": 1.499,
            "min": 1500.0,
            "max": 2800.0
        },
        {
            "current": 1.499,
            "min": 1500.0,
            "max": 2800.0
        },
        {
            "current": 1.499,
            "min": 1500.0,
            "max": 2800.0
        },
        {
            "current": 1.444,
            "min": 1500.0,
            "max": 2800.0
        },
        {
            "current": 1.472,
            "min": 1500.0,
            "max": 2800.0
        },
        {
            "current": 2.425,
            "min": 1500.0,
            "max": 2800.0
        },
        {
            "current": 1.499,
            "min": 1500.0,
            "max": 2800.0
        },
        {
            "current": 1.496,
            "min": 1500.0,
            "max": 2800.0
        },
        {
            "current": 1.497,
            "min": 1500.0,
            "max": 2800.0
        },
        {
            "current": 1.486,
            "min": 1500.0,
            "max": 2800.0
        },
        {
            "current": 1.488,
            "min": 1500.0,
            "max": 2800.0
        },
        {
            "current": 3.346,
            "min": 1500.0,
            "max": 2800.0
        },
        {
            "current": 1.498,
            "min": 1500.0,
            "max": 2800.0
        },
        {
            "current": 1.493,
            "min": 1500.0,
            "max": 2800.0
        },
        {
            "current": 1.881,
            "min": 1500.0,
            "max": 2800.0
        },
        {
            "current": 1.434,
            "min": 1500.0,
            "max": 2800.0
        },
        {
            "current": 1.499,
            "min": 1500.0,
            "max": 2800.0
        },
        {
            "current": 1.497,
            "min": 1500.0,
            "max": 2800.0
        },
        {
            "current": 1.492,
            "min": 1500.0,
            "max": 2800.0
        },
        {
            "current": 1.491,
            "min": 1500.0,
            "max": 2800.0
        },
        {
            "current": 1.681,
            "min": 1500.0,
            "max": 2800.0
        },
        {
            "current": 1.612,
            "min": 1500.0,
            "max": 2800.0
        },
        {
            "current": 1.469,
            "min": 1500.0,
            "max": 2800.0
        },
        {
            "current": 1.438,
            "min": 1500.0,
            "max": 2800.0
        },
        {
            "current": 1.498,
            "min": 1500.0,
            "max": 2800.0
        },
        {
            "current": 1.492,
            "min": 1500.0,
            "max": 2800.0
        },
        {
            "current": 1.499,
            "min": 1500.0,
            "max": 2800.0
        },
        {
            "current": 1.442,
            "min": 1500.0,
            "max": 2800.0
        },
        {
            "current": 1.439,
            "min": 1500.0,
            "max": 2800.0
        },
        {
            "current": 3.015,
            "min": 1500.0,
            "max": 2800.0
        },
        {
            "current": 1.494,
            "min": 1500.0,
            "max": 2800.0
        },
        {
            "current": 1.497,
            "min": 1500.0,
            "max": 2800.0
        },
        {
            "current": 1.497,
            "min": 1500.0,
            "max": 2800.0
        },
        {
            "current": 1.488,
            "min": 1500.0,
            "max": 2800.0
        },
        {
            "current": 1.486,
            "min": 1500.0,
            "max": 2800.0
        },
        {
            "current": 3.349,
            "min": 1500.0,
            "max": 2800.0
        },
        {
            "current": 1.49,
            "min": 1500.0,
            "max": 2800.0
        },
        {
            "current": 1.494,
            "min": 1500.0,
            "max": 2800.0
        },
        {
            "current": 1.738,
            "min": 1500.0,
            "max": 2800.0
        },
        {
            "current": 1.498,
            "min": 1500.0,
            "max": 2800.0
        },
        {
            "current": 1.499,
            "min": 1500.0,
            "max": 2800.0
        },
        {
            "current": 1.499,
            "min": 1500.0,
            "max": 2800.0
        },
        {
            "current": 1.493,
            "min": 1500.0,
            "max": 2800.0
        },
        {
            "current": 1.493,
            "min": 1500.0,
            "max": 2800.0
        },
        {
            "current": 2.095,
            "min": 1500.0,
            "max": 2800.0
        }
    ],
    "disk": {
        "/": {
            "total": 32.0,
            "used": 1.3350410461425781
        }
    },
    "gpu": "NVIDIA GeForce RTX 4090",
    "gpu_count": 1,
    "gpu_devices": [
        {
            "name": "NVIDIA GeForce RTX 4090",
            "memory_total": 25757220864
        }
    ],
    "memory": {
        "total": 503.56106185913086
    }
}
