{
    "os": "Linux-5.4.0-174-generic-x86_64-with-glibc2.35",
    "python": "3.10.13",
    "heartbeatAt": "2024-05-22T15:18:28.639792",
    "startedAt": "2024-05-22T15:18:25.542166",
    "docker": null,
    "cuda": null,
    "args": [
        "--model=bert_cnn",
        "--pretrained_model",
        "google-bert/bert-base-multilingual-uncased",
        "--no-report"
    ],
    "state": "running",
    "program": "/workspace/src/main.py",
    "codePathLocal": "main.py",
    "codePath": "main.py",
    "host": "f94abed08ef4",
    "username": "root",
    "executable": "/opt/conda/bin/python",
    "cpu_count": 24,
    "cpu_count_logical": 48,
    "cpu_freq": {
        "current": 1.6968750000000001,
        "min": 1500.0,
        "max": 2800.0
    },
    "cpu_freq_per_core": [
        {
            "current": 1.496,
            "min": 1500.0,
            "max": 2800.0
        },
        {
            "current": 1.498,
            "min": 1500.0,
            "max": 2800.0
        },
        {
            "current": 1.499,
            "min": 1500.0,
            "max": 2800.0
        },
        {
            "current": 2.212,
            "min": 1500.0,
            "max": 2800.0
        },
        {
            "current": 1.409,
            "min": 1500.0,
            "max": 2800.0
        },
        {
            "current": 1.448,
            "min": 1500.0,
            "max": 2800.0
        },
        {
            "current": 1.499,
            "min": 1500.0,
            "max": 2800.0
        },
        {
            "current": 1.499,
            "min": 1500.0,
            "max": 2800.0
        },
        {
            "current": 1.498,
            "min": 1500.0,
            "max": 2800.0
        },
        {
            "current": 2.185,
            "min": 1500.0,
            "max": 2800.0
        },
        {
            "current": 1.415,
            "min": 1500.0,
            "max": 2800.0
        },
        {
            "current": 2.779,
            "min": 1500.0,
            "max": 2800.0
        },
        {
            "current": 1.494,
            "min": 1500.0,
            "max": 2800.0
        },
        {
            "current": 1.495,
            "min": 1500.0,
            "max": 2800.0
        },
        {
            "current": 1.497,
            "min": 1500.0,
            "max": 2800.0
        },
        {
            "current": 1.425,
            "min": 1500.0,
            "max": 2800.0
        },
        {
            "current": 1.423,
            "min": 1500.0,
            "max": 2800.0
        },
        {
            "current": 1.886,
            "min": 1500.0,
            "max": 2800.0
        },
        {
            "current": 1.499,
            "min": 1500.0,
            "max": 2800.0
        },
        {
            "current": 1.497,
            "min": 1500.0,
            "max": 2800.0
        },
        {
            "current": 1.502,
            "min": 1500.0,
            "max": 2800.0
        },
        {
            "current": 1.488,
            "min": 1500.0,
            "max": 2800.0
        },
        {
            "current": 2.766,
            "min": 1500.0,
            "max": 2800.0
        },
        {
            "current": 1.491,
            "min": 1500.0,
            "max": 2800.0
        },
        {
            "current": 1.498,
            "min": 1500.0,
            "max": 2800.0
        },
        {
            "current": 1.499,
            "min": 1500.0,
            "max": 2800.0
        },
        {
            "current": 1.499,
            "min": 1500.0,
            "max": 2800.0
        },
        {
            "current": 2.278,
            "min": 1500.0,
            "max": 2800.0
        },
        {
            "current": 1.407,
            "min": 1500.0,
            "max": 2800.0
        },
        {
            "current": 1.452,
            "min": 1500.0,
            "max": 2800.0
        },
        {
            "current": 1.499,
            "min": 1500.0,
            "max": 2800.0
        },
        {
            "current": 1.498,
            "min": 1500.0,
            "max": 2800.0
        },
        {
            "current": 1.497,
            "min": 1500.0,
            "max": 2800.0
        },
        {
            "current": 3.339,
            "min": 1500.0,
            "max": 2800.0
        },
        {
            "current": 1.486,
            "min": 1500.0,
            "max": 2800.0
        },
        {
            "current": 3.164,
            "min": 1500.0,
            "max": 2800.0
        },
        {
            "current": 1.498,
            "min": 1500.0,
            "max": 2800.0
        },
        {
            "current": 1.49,
            "min": 1500.0,
            "max": 2800.0
        },
        {
            "current": 1.499,
            "min": 1500.0,
            "max": 2800.0
        },
        {
            "current": 1.425,
            "min": 1500.0,
            "max": 2800.0
        },
        {
            "current": 1.436,
            "min": 1500.0,
            "max": 2800.0
        },
        {
            "current": 1.895,
            "min": 1500.0,
            "max": 2800.0
        },
        {
            "current": 1.497,
            "min": 1500.0,
            "max": 2800.0
        },
        {
            "current": 1.499,
            "min": 1500.0,
            "max": 2800.0
        },
        {
            "current": 1.499,
            "min": 1500.0,
            "max": 2800.0
        },
        {
            "current": 1.39,
            "min": 1500.0,
            "max": 2800.0
        },
        {
            "current": 3.349,
            "min": 1500.0,
            "max": 2800.0
        },
        {
            "current": 1.487,
            "min": 1500.0,
            "max": 2800.0
        }
    ],
    "disk": {
        "/": {
            "total": 32.0,
            "used": 1.32904052734375
        }
    },
    "gpu": "NVIDIA GeForce RTX 4090",
    "gpu_count": 1,
    "gpu_devices": [
        {
            "name": "NVIDIA GeForce RTX 4090",
            "memory_total": 25757220864
        }
    ],
    "memory": {
        "total": 503.56106185913086
    }
}
