{
    "os": "Linux-5.4.0-174-generic-x86_64-with-glibc2.35",
    "python": "3.10.13",
    "heartbeatAt": "2024-05-22T15:58:26.119644",
    "startedAt": "2024-05-22T15:58:24.241181",
    "docker": null,
    "cuda": null,
    "args": [
        "--model=bert",
        "--pretrained_model",
        "google-bert/bert-base-multilingual-uncased",
        "--no-report"
    ],
    "state": "running",
    "program": "/workspace/src/main.py",
    "codePathLocal": "main.py",
    "codePath": "main.py",
    "host": "f94abed08ef4",
    "username": "root",
    "executable": "/opt/conda/bin/python",
    "cpu_count": 24,
    "cpu_count_logical": 48,
    "cpu_freq": {
        "current": 1.676875,
        "min": 1500.0,
        "max": 2800.0
    },
    "cpu_freq_per_core": [
        {
            "current": 1.377,
            "min": 1500.0,
            "max": 2800.0
        },
        {
            "current": 1.389,
            "min": 1500.0,
            "max": 2800.0
        },
        {
            "current": 1.512,
            "min": 1500.0,
            "max": 2800.0
        },
        {
            "current": 1.499,
            "min": 1500.0,
            "max": 2800.0
        },
        {
            "current": 1.499,
            "min": 1500.0,
            "max": 2800.0
        },
        {
            "current": 1.499,
            "min": 1500.0,
            "max": 2800.0
        },
        {
            "current": 2.399,
            "min": 1500.0,
            "max": 2800.0
        },
        {
            "current": 1.37,
            "min": 1500.0,
            "max": 2800.0
        },
        {
            "current": 1.371,
            "min": 1500.0,
            "max": 2800.0
        },
        {
            "current": 1.499,
            "min": 1500.0,
            "max": 2800.0
        },
        {
            "current": 1.498,
            "min": 1500.0,
            "max": 2800.0
        },
        {
            "current": 1.499,
            "min": 1500.0,
            "max": 2800.0
        },
        {
            "current": 1.441,
            "min": 1500.0,
            "max": 2800.0
        },
        {
            "current": 1.452,
            "min": 1500.0,
            "max": 2800.0
        },
        {
            "current": 2.117,
            "min": 1500.0,
            "max": 2800.0
        },
        {
            "current": 1.497,
            "min": 1500.0,
            "max": 2800.0
        },
        {
            "current": 1.499,
            "min": 1500.0,
            "max": 2800.0
        },
        {
            "current": 1.498,
            "min": 1500.0,
            "max": 2800.0
        },
        {
            "current": 2.393,
            "min": 1500.0,
            "max": 2800.0
        },
        {
            "current": 1.371,
            "min": 1500.0,
            "max": 2800.0
        },
        {
            "current": 1.37,
            "min": 1500.0,
            "max": 2800.0
        },
        {
            "current": 1.485,
            "min": 1500.0,
            "max": 2800.0
        },
        {
            "current": 1.487,
            "min": 1500.0,
            "max": 2800.0
        },
        {
            "current": 3.347,
            "min": 1500.0,
            "max": 2800.0
        },
        {
            "current": 1.426,
            "min": 1500.0,
            "max": 2800.0
        },
        {
            "current": 1.424,
            "min": 1500.0,
            "max": 2800.0
        },
        {
            "current": 1.913,
            "min": 1500.0,
            "max": 2800.0
        },
        {
            "current": 1.499,
            "min": 1500.0,
            "max": 2800.0
        },
        {
            "current": 1.499,
            "min": 1500.0,
            "max": 2800.0
        },
        {
            "current": 1.499,
            "min": 1500.0,
            "max": 2800.0
        },
        {
            "current": 2.399,
            "min": 1500.0,
            "max": 2800.0
        },
        {
            "current": 1.368,
            "min": 1500.0,
            "max": 2800.0
        },
        {
            "current": 1.368,
            "min": 1500.0,
            "max": 2800.0
        },
        {
            "current": 1.498,
            "min": 1500.0,
            "max": 2800.0
        },
        {
            "current": 1.497,
            "min": 1500.0,
            "max": 2800.0
        },
        {
            "current": 1.499,
            "min": 1500.0,
            "max": 2800.0
        },
        {
            "current": 1.421,
            "min": 1500.0,
            "max": 2800.0
        },
        {
            "current": 1.45,
            "min": 1500.0,
            "max": 2800.0
        },
        {
            "current": 1.934,
            "min": 1500.0,
            "max": 2800.0
        },
        {
            "current": 1.499,
            "min": 1500.0,
            "max": 2800.0
        },
        {
            "current": 1.499,
            "min": 1500.0,
            "max": 2800.0
        },
        {
            "current": 1.497,
            "min": 1500.0,
            "max": 2800.0
        },
        {
            "current": 2.399,
            "min": 1500.0,
            "max": 2800.0
        },
        {
            "current": 1.37,
            "min": 1500.0,
            "max": 2800.0
        },
        {
            "current": 1.366,
            "min": 1500.0,
            "max": 2800.0
        },
        {
            "current": 1.486,
            "min": 1500.0,
            "max": 2800.0
        },
        {
            "current": 1.488,
            "min": 1500.0,
            "max": 2800.0
        },
        {
            "current": 3.345,
            "min": 1500.0,
            "max": 2800.0
        }
    ],
    "disk": {
        "/": {
            "total": 32.0,
            "used": 1.3346977233886719
        }
    },
    "gpu": "NVIDIA GeForce RTX 4090",
    "gpu_count": 1,
    "gpu_devices": [
        {
            "name": "NVIDIA GeForce RTX 4090",
            "memory_total": 25757220864
        }
    ],
    "memory": {
        "total": 503.56106185913086
    }
}
