{
    "os": "Linux-5.4.0-174-generic-x86_64-with-glibc2.35",
    "python": "3.10.13",
    "heartbeatAt": "2024-05-22T15:43:04.943131",
    "startedAt": "2024-05-22T15:43:02.676473",
    "docker": null,
    "cuda": null,
    "args": [
        "--model=bert_cnn",
        "--pretrained_model",
        "google-bert/bert-base-multilingual-uncased",
        "--no-report"
    ],
    "state": "running",
    "program": "/workspace/src/main.py",
    "codePathLocal": "main.py",
    "codePath": "main.py",
    "host": "f94abed08ef4",
    "username": "root",
    "executable": "/opt/conda/bin/python",
    "cpu_count": 24,
    "cpu_count_logical": 48,
    "cpu_freq": {
        "current": 1.673708333333333,
        "min": 1500.0,
        "max": 2800.0
    },
    "cpu_freq_per_core": [
        {
            "current": 1.409,
            "min": 1500.0,
            "max": 2800.0
        },
        {
            "current": 1.401,
            "min": 1500.0,
            "max": 2800.0
        },
        {
            "current": 1.416,
            "min": 1500.0,
            "max": 2800.0
        },
        {
            "current": 3.337,
            "min": 1500.0,
            "max": 2800.0
        },
        {
            "current": 1.394,
            "min": 1500.0,
            "max": 2800.0
        },
        {
            "current": 1.957,
            "min": 1500.0,
            "max": 2800.0
        },
        {
            "current": 1.398,
            "min": 1500.0,
            "max": 2800.0
        },
        {
            "current": 1.414,
            "min": 1500.0,
            "max": 2800.0
        },
        {
            "current": 1.397,
            "min": 1500.0,
            "max": 2800.0
        },
        {
            "current": 1.389,
            "min": 1500.0,
            "max": 2800.0
        },
        {
            "current": 1.389,
            "min": 1500.0,
            "max": 2800.0
        },
        {
            "current": 1.727,
            "min": 1500.0,
            "max": 2800.0
        },
        {
            "current": 1.608,
            "min": 1500.0,
            "max": 2800.0
        },
        {
            "current": 1.37,
            "min": 1500.0,
            "max": 2800.0
        },
        {
            "current": 1.388,
            "min": 1500.0,
            "max": 2800.0
        },
        {
            "current": 1.658,
            "min": 1500.0,
            "max": 2800.0
        },
        {
            "current": 1.402,
            "min": 1500.0,
            "max": 2800.0
        },
        {
            "current": 1.401,
            "min": 1500.0,
            "max": 2800.0
        },
        {
            "current": 1.334,
            "min": 1500.0,
            "max": 2800.0
        },
        {
            "current": 1.729,
            "min": 1500.0,
            "max": 2800.0
        },
        {
            "current": 1.406,
            "min": 1500.0,
            "max": 2800.0
        },
        {
            "current": 1.497,
            "min": 1500.0,
            "max": 2800.0
        },
        {
            "current": 1.498,
            "min": 1500.0,
            "max": 2800.0
        },
        {
            "current": 1.498,
            "min": 1500.0,
            "max": 2800.0
        },
        {
            "current": 1.499,
            "min": 1500.0,
            "max": 2800.0
        },
        {
            "current": 1.497,
            "min": 1500.0,
            "max": 2800.0
        },
        {
            "current": 1.499,
            "min": 1500.0,
            "max": 2800.0
        },
        {
            "current": 3.356,
            "min": 1500.0,
            "max": 2800.0
        },
        {
            "current": 1.487,
            "min": 1500.0,
            "max": 2800.0
        },
        {
            "current": 2.353,
            "min": 1500.0,
            "max": 2800.0
        },
        {
            "current": 1.499,
            "min": 1500.0,
            "max": 2800.0
        },
        {
            "current": 1.5,
            "min": 1500.0,
            "max": 2800.0
        },
        {
            "current": 1.493,
            "min": 1500.0,
            "max": 2800.0
        },
        {
            "current": 1.491,
            "min": 1500.0,
            "max": 2800.0
        },
        {
            "current": 1.493,
            "min": 1500.0,
            "max": 2800.0
        },
        {
            "current": 2.103,
            "min": 1500.0,
            "max": 2800.0
        },
        {
            "current": 2.122,
            "min": 1500.0,
            "max": 2800.0
        },
        {
            "current": 1.45,
            "min": 1500.0,
            "max": 2800.0
        },
        {
            "current": 1.428,
            "min": 1500.0,
            "max": 2800.0
        },
        {
            "current": 1.798,
            "min": 1500.0,
            "max": 2800.0
        },
        {
            "current": 1.498,
            "min": 1500.0,
            "max": 2800.0
        },
        {
            "current": 1.499,
            "min": 1500.0,
            "max": 2800.0
        },
        {
            "current": 1.423,
            "min": 1500.0,
            "max": 2800.0
        },
        {
            "current": 1.828,
            "min": 1500.0,
            "max": 2800.0
        },
        {
            "current": 1.423,
            "min": 1500.0,
            "max": 2800.0
        },
        {
            "current": 1.497,
            "min": 1500.0,
            "max": 2800.0
        },
        {
            "current": 1.499,
            "min": 1500.0,
            "max": 2800.0
        },
        {
            "current": 1.494,
            "min": 1500.0,
            "max": 2800.0
        }
    ],
    "disk": {
        "/": {
            "total": 32.0,
            "used": 1.3339309692382812
        }
    },
    "gpu": "NVIDIA GeForce RTX 4090",
    "gpu_count": 1,
    "gpu_devices": [
        {
            "name": "NVIDIA GeForce RTX 4090",
            "memory_total": 25757220864
        }
    ],
    "memory": {
        "total": 503.56106185913086
    }
}
