{
    "os": "Linux-5.4.0-174-generic-x86_64-with-glibc2.35",
    "python": "3.10.13",
    "heartbeatAt": "2024-05-22T14:48:33.212546",
    "startedAt": "2024-05-22T14:48:31.156900",
    "docker": null,
    "cuda": null,
    "args": [
        "--model=bert_cnn",
        "--pretrained_model",
        "google-bert/bert-base-multilingual-uncased",
        "--no-save-model",
        "--no-report"
    ],
    "state": "running",
    "program": "/workspace/src/main.py",
    "codePathLocal": "main.py",
    "codePath": "main.py",
    "host": "f94abed08ef4",
    "username": "root",
    "executable": "/opt/conda/bin/python",
    "cpu_count": 24,
    "cpu_count_logical": 48,
    "cpu_freq": {
        "current": 1.6191041666666663,
        "min": 1500.0,
        "max": 2800.0
    },
    "cpu_freq_per_core": [
        {
            "current": 1.499,
            "min": 1500.0,
            "max": 2800.0
        },
        {
            "current": 1.5,
            "min": 1500.0,
            "max": 2800.0
        },
        {
            "current": 1.498,
            "min": 1500.0,
            "max": 2800.0
        },
        {
            "current": 2.041,
            "min": 1500.0,
            "max": 2800.0
        },
        {
            "current": 1.441,
            "min": 1500.0,
            "max": 2800.0
        },
        {
            "current": 1.492,
            "min": 1500.0,
            "max": 2800.0
        },
        {
            "current": 3.347,
            "min": 1500.0,
            "max": 2800.0
        },
        {
            "current": 1.674,
            "min": 1500.0,
            "max": 2800.0
        },
        {
            "current": 3.349,
            "min": 1500.0,
            "max": 2800.0
        },
        {
            "current": 1.496,
            "min": 1500.0,
            "max": 2800.0
        },
        {
            "current": 1.797,
            "min": 1500.0,
            "max": 2800.0
        },
        {
            "current": 1.499,
            "min": 1500.0,
            "max": 2800.0
        },
        {
            "current": 1.442,
            "min": 1500.0,
            "max": 2800.0
        },
        {
            "current": 1.441,
            "min": 1500.0,
            "max": 2800.0
        },
        {
            "current": 1.837,
            "min": 1500.0,
            "max": 2800.0
        },
        {
            "current": 1.496,
            "min": 1500.0,
            "max": 2800.0
        },
        {
            "current": 1.497,
            "min": 1500.0,
            "max": 2800.0
        },
        {
            "current": 1.498,
            "min": 1500.0,
            "max": 2800.0
        },
        {
            "current": 1.499,
            "min": 1500.0,
            "max": 2800.0
        },
        {
            "current": 1.933,
            "min": 1500.0,
            "max": 2800.0
        },
        {
            "current": 1.494,
            "min": 1500.0,
            "max": 2800.0
        },
        {
            "current": 1.496,
            "min": 1500.0,
            "max": 2800.0
        },
        {
            "current": 1.497,
            "min": 1500.0,
            "max": 2800.0
        },
        {
            "current": 1.498,
            "min": 1500.0,
            "max": 2800.0
        },
        {
            "current": 1.499,
            "min": 1500.0,
            "max": 2800.0
        },
        {
            "current": 1.497,
            "min": 1500.0,
            "max": 2800.0
        },
        {
            "current": 1.498,
            "min": 1500.0,
            "max": 2800.0
        },
        {
            "current": 2.034,
            "min": 1500.0,
            "max": 2800.0
        },
        {
            "current": 1.442,
            "min": 1500.0,
            "max": 2800.0
        },
        {
            "current": 1.44,
            "min": 1500.0,
            "max": 2800.0
        },
        {
            "current": 3.349,
            "min": 1500.0,
            "max": 2800.0
        },
        {
            "current": 1.673,
            "min": 1500.0,
            "max": 2800.0
        },
        {
            "current": 3.342,
            "min": 1500.0,
            "max": 2800.0
        },
        {
            "current": 1.497,
            "min": 1500.0,
            "max": 2800.0
        },
        {
            "current": 1.798,
            "min": 1500.0,
            "max": 2800.0
        },
        {
            "current": 1.487,
            "min": 1500.0,
            "max": 2800.0
        },
        {
            "current": 1.499,
            "min": 1500.0,
            "max": 2800.0
        },
        {
            "current": 1.495,
            "min": 1500.0,
            "max": 2800.0
        },
        {
            "current": 1.561,
            "min": 1500.0,
            "max": 2800.0
        },
        {
            "current": 1.498,
            "min": 1500.0,
            "max": 2800.0
        },
        {
            "current": 1.496,
            "min": 1500.0,
            "max": 2800.0
        },
        {
            "current": 1.498,
            "min": 1500.0,
            "max": 2800.0
        },
        {
            "current": 1.491,
            "min": 1500.0,
            "max": 2800.0
        },
        {
            "current": 1.713,
            "min": 1500.0,
            "max": 2800.0
        },
        {
            "current": 1.493,
            "min": 1500.0,
            "max": 2800.0
        },
        {
            "current": 1.499,
            "min": 1500.0,
            "max": 2800.0
        },
        {
            "current": 1.496,
            "min": 1500.0,
            "max": 2800.0
        },
        {
            "current": 1.498,
            "min": 1500.0,
            "max": 2800.0
        }
    ],
    "disk": {
        "/": {
            "total": 32.0,
            "used": 1.3236045837402344
        }
    },
    "gpu": "NVIDIA GeForce RTX 4090",
    "gpu_count": 1,
    "gpu_devices": [
        {
            "name": "NVIDIA GeForce RTX 4090",
            "memory_total": 25757220864
        }
    ],
    "memory": {
        "total": 503.56106185913086
    }
}
